{
    "South Korea": 7.069811320754716,
    "Republic of Macedonia": 7.8,
    "Puerto Rico": 7.9,
    "Saudi Arabia": 8.0,
    "South Africa": 6.789999999999999,
    "Cyprus": 7.5,
    "Finland": 7.335294117647059,
    "United Arab Emirates": 6.646428571428572,
    "Bolivia": 6.6,
    "Australia": 6.440625000000001,
    "Madagascar": 7.0,
    "UK": 6.813250283125713,
    "Ireland": 6.91864406779661,
    "Kazakhstan": 7.2,
    "Italy": 7.00220588235294,
    "Iraq": 8.1,
    "Hong Kong": 6.730158730158732,
    "Bahamas": 8.0,
    "Sweden": 7.101923076923078,
    "Haiti": 7.2,
    "Lebanon": 7.55,
    "Luxembourg": 6.54375,
    "West Germany": 7.699999999999999,
    "Israel": 7.120588235294118,
    "Serbia": 6.266666666666667,
    "Ukraine": 6.3999999999999995,
    "Belgium": 6.890243902439025,
    "Latvia": 6.85,
    "USA": 6.442663438256652,
    "Venezuela": 7.25,
    "Georgia": 7.6,
    "Trinidad and Tobago": 5.9,
    "Iran": 7.564285714285714,
    "Kuwait": 7.1,
    "Singapore": 6.760000000000001,
    "Malaysia": 6.1,
    "Portugal": 6.660000000000001,
    "Isle Of Man": 6.833333333333333,
    "Kenya": 7.775,
    "Dominican Republic": 6.675000000000001,
    "Panama": 6.6,
    "Argentina": 7.064,
    "Spain": 6.868181818181819,
    "Liechtenstein": 7.3,
    "Chile": 6.633333333333334,
    "Tanzania": 7.2,
    "Thailand": 6.811111111111112,
    "Turkey": 7.116666666666666,
    "Russia": 6.979166666666667,
    "Germany": 6.645360824742274,
    "Ghana": 6.6,
    "Mongolia": 7.5,
    "Nepal": 7.5,
    "Ethiopia": 8.5,
    "China": 6.451428571428576,
    "Czech Republic": 6.708108108108108,
    "Jordan": 7.324999999999999,
    "Egypt": 7.566666666666666,
    "Lithuania": 6.7,
    "Slovakia": 6.38,
    "Philippines": 5.925,
    "Switzerland": 6.851219512195124,
    "Namibia": 8.5,
    "Bosnia and Herzegovina": 6.8,
    "Botswana": 8.3,
    "Morocco": 6.871428571428573,
    "Brazil": 7.3666666666666645,
    "Cambodia": 6.466666666666666,
    "Estonia": 7.15,
    "Tunisia": 6.566666666666667,
    "Romania": 6.4785714285714295,
    "Mauritania": 7.2,
    "Czechoslovakia": 8.3,
    "Hungary": 6.670833333333334,
    "Soviet Union": 8.45,
    "Vietnam": 6.9,
    "Taiwan": 7.269230769230769,
    "Uruguay": 7.2,
    "New Zealand": 7.464705882352941,
    "Japan": 6.929655172413795,
    "Bhutan": 7.5,
    "Ecuador": 7.2,
    "Croatia": 6.8,
    "Canada": 6.341491841491835,
    "Norway": 7.380769230769231,
    "Algeria": 7.6,
    "Iceland": 6.750000000000001,
    "Netherlands": 7.034042553191491,
    "Colombia": 7.12,
    "France": 6.868729096989968,
    "Poland": 7.122222222222222,
    "Peru": 7.0,
    "India": 6.299676375404531,
    "Cameroon": 7.0,
    "Austria": 7.254545454545454,
    "Indonesia": 8.033333333333333,
    "Qatar": 7.160000000000001,
    "Mexico": 6.4880597014925385,
    "Bulgaria": 6.1,
    "Afghanistan": 7.0,
    "Malta": 6.45,
    "Greece": 7.062500000000001,
    "Slovenia": 6.5,
    "Denmark": 7.288235294117648,
    "Palestine": 7.3,
    "Monaco": 7.4
}
