{"Ireland": 6.883333333333333, "Lebanon": 7.1, "Iran": 7.8, "Pakistan": 6.9, "Brazil": 7.233333333333333, "Israel": 6.8999999999999995, "Australia": 6.88, "Rwanda": 7.5, "China": 5.9624999999999995, "India": 6.052631578947367, "Russia": 5.9, "Finland": 6.3, "Denmark": 7.055555555555557, "Argentina": 6.7749999999999995, "Mexico": 6.720000000000001, "Luxembourg": 6.949999999999999, "Lithuania": 6.2, "Japan": 6.656249999999999, "Indonesia": 6.1, "Serbia": 6.2, "Italy": 7.2, "Croatia": 6.3, "Canada": 6.706896551724139, "Armenia": 6.5, "Qatar": 7.0, "South Africa": 6.659999999999999, "Hungary": 6.566666666666666, "Nigeria": 6.4, "Hong Kong": 6.1, "United Arab Emirates": 6.9, "Norway": 7.3, "Spain": 7.040000000000001, "Chile": 5.966666666666666, "UK": 6.82272727272727, "Philippines": 6.75, "Taiwan": 6.15, "New Zealand": 6.525, "Egypt": 8.1, "South Korea": 6.75, "Afghanistan": 7.1, "Germany": 6.961904761904761, "Austria": 7.2, "Thailand": 4.9, "Sweden": 6.785714285714286, "Switzerland": 6.925, "Haiti": 6.5, "Ukraine": 5.65, "Greece": 7.9, "Romania": 7.6, "Bulgaria": 5.3, "Belgium": 6.764285714285714, "Costa Rica": 5.9, "Netherlands": 6.625, "France": 6.69344262295082, "USA": 6.540950226244348}